fid,%canopy,NO2_mean,NO2_stdev,LST_mean,LST_stdev,NDVImean,Road%,Imp%,BD,REDNO2_mean,petrochem_distance
1,0,3.17E-05,0,38.56572914,0.289607033,-0.158376143,0,100.000836,95.04521437,3.17E-05,18758.93
2,1.103564128,3.06E-05,6.78E-21,38.39654255,0.281768847,-0.133025809,6.07307303,95.1980225,40.90127928,3.06E-05,18903.83
3,0,2.10E-05,0,35.97037792,0.137757728,-0.041019513,0,100.0087433,1.70047485,2.10E-05,18684
4,13.55526409,2.10E-05,0,35.39314508,0.535204738,0.000592215,5.642821149,42.80354001,34.23172682,2.10E-05,18224.59
5,11.97973079,2.10E-05,0,34.63358331,0.274028364,-0.002564074,11.63963415,49.28625049,30.66422401,2.10E-05,17899.22
6,9.612971553,2.10E-05,0,34.66169739,0.086998674,0.078408946,8.911953411,66.18027708,5.649789779,2.10E-05,18092.41
7,22.93335111,3.16E-05,0,32.25608671,0.631498436,0.015538681,14.43746075,38.7798525,20.77467309,3.16E-05,17108.29
8,26.88288372,3.16E-05,0,33.30076718,0.412481957,0.061049158,11.8137537,47.42160123,8.669435003,3.16E-05,16490.47
9,39.64010001,2.91E-05,0,33.04124069,0.273865347,0.177922335,8.4125024,28.26378694,4.102136071,2.91E-05,14181.61
10,0.437270095,2.10E-05,0,39.24216747,0.521383146,-0.17594348,0,100.0029767,75.15492999,2.10E-05,15478.89
11,25.22300767,2.10E-05,0,34.31112504,0.388609271,0.149322438,6.885311945,32.92039773,4.69200693,2.10E-05,14386.86
12,16.72750586,2.83E-05,1.06E-06,32.82016778,0.794596504,0.01314783,0.83984573,76.85629562,68.20796686,2.83E-05,13083.71
13,8.363779811,2.85E-05,3.39E-21,32.73849821,0.958763329,-0.197510392,0,87.62187248,63.48143581,2.85E-05,13466.59
14,14.83948515,3.11E-05,0,33.54554033,0.450700373,0.244299868,0,18.6222351,1.124413748,3.11E-05,12655.88
15,1.11051489,3.05E-05,3.39E-21,39.30712938,0.29324822,-0.138344731,0,98.28750847,51.46542443,3.05E-05,16990.12
16,0.666310979,2.23E-05,6.78E-21,40.04657984,0.417118021,-0.185410111,4.608650941,98.87083232,66.41593503,2.23E-05,16770.1
17,11.84107814,3.02E-05,0,35.44581509,0.172858145,-0.00604557,21.31532881,41.72834804,14.5480069,NA,7747.37
18,3.345507555,3.02E-05,0,38.20588756,0.457335157,-0.177205592,0.770438462,98.08167483,70.15848625,NA,7910.7
19,5.878308313,2.65E-05,0,34.28804183,0.49323546,-0.119059805,0,84.87111258,58.26257177,2.65E-05,34649.11
20,0,3.93E-05,2.03E-20,39.12395215,0.952072664,-0.191583165,0,100.0149978,99.82758685,NA,4259.23
21,0,2.97E-05,3.39E-21,34.38530207,0.833066129,-0.261745228,0,100.0346772,80.57192153,2.97E-05,6349.31
22,0.458114502,2.91E-05,0,36.00031686,0.422265435,-0.232803426,3.373388608,97.29380272,80.8155629,2.91E-05,7361.36
23,0,3.96E-05,0,39.89212871,0.565102167,-0.212704239,0,100.0073138,85.9932406,NA,2445.09
24,0,3.96E-05,0,34.91832423,0.340261741,-0.152685006,0,99.99424299,10.85596252,NA,0
25,0.249878126,2.91E-05,0,35.07773256,0.44682456,-0.247246351,10.57817399,92.87137006,76.77505413,2.91E-05,11460
26,21.84352748,2.91E-05,0,36.0284164,0.49058722,-0.074215979,4.463103963,96.77925125,90.9556988,2.91E-05,12272.84
27,17.69944447,2.95E-05,2.92E-07,33.33897722,0.996857054,0.058652828,21.54473554,61.4344247,5.740172774,2.95E-05,9936.38
28,1.020327582,3.78E-05,0,37.34066677,0.747343883,-0.155377315,0.937035535,99.03424451,69.79179482,NA,1961.59
29,5.84430227,3.02E-05,0,34.74383521,0.204891602,-0.13074335,3.880005901,83.7984101,59.61604774,3.02E-05,7233.29
30,9.640978976,3.02E-05,0,32.87050343,0.703489061,0.249944972,7.281056117,22.99536598,0,NA,4335.5
31,54.81947858,2.91E-05,0,28.60582948,0.33426137,0.241877875,2.672258705,31.45630247,2.845781998,2.91E-05,12541.55
32,42.73839071,2.65E-05,0,29.55701184,0.183843176,0.171753965,7.814782062,22.1812109,14.36642883,2.65E-05,30562.51
33,4.546226532,2.21E-05,0,34.47739005,0.262316144,-0.023877451,42.04738981,67.04122453,3.553691579,NA,7428.73
34,0,3.95E-05,6.78E-21,42.34712911,0.707935623,-0.218516614,0,99.99937428,95.2031247,NA,2275.93
35,0.027762975,2.23E-05,6.78E-21,40.53318334,0.787857238,-0.173784619,0,100.0161164,96.91360396,2.23E-05,16298.63
36,44.38859049,2.39E-05,2.54E-06,26.50307226,0.458788023,0.421386935,0,1.138168987,1.138168987,2.39E-05,37108.81
37,46.26907719,2.03E-05,1.30E-06,31.18462372,1.714412874,0.026892862,0,58.7958035,22.7563078,2.03E-05,38979.27
38,20.723167,2.65E-05,0,31.26272154,1.471489497,0.017051148,2.380457563,73.09323339,44.59714373,2.65E-05,35632.67
39,9.223301464,1.95E-05,0,32.81168699,0.334681495,-0.041778141,17.09329684,56.87355568,24.01250795,1.95E-05,39359.16
40,37.10884031,2.92E-05,0,31.05073941,0.349492865,0.172215418,0,3.921169773,3.921169773,2.92E-05,31807.05
41,9.959112202,2.92E-05,0,29.93968296,0.605832963,0.15035372,0,21.87534611,9.008311943,2.92E-05,30609.57
42,22.84052716,2.75E-05,1.02E-20,33.69212961,0.45915892,0.078235017,17.94761569,37.45679887,16.3166452,2.75E-05,28029.09
43,79.51676832,2.75E-05,0,28.56040466,1.008562778,0.339892697,1.013306116,4.608460693,3.574333218,2.75E-05,22410.37
44,0,2.71E-05,3.39E-21,35.82163548,0.226366287,0.032830898,0,3.456393039,3.456393039,2.71E-05,22337.72
45,5.136011736,2.75E-05,0,40.82380986,0.877880036,-0.178550387,0,64.852559,50.45090447,2.75E-05,21907.42
46,0,2.21E-05,1.02E-20,38.43401599,0.556933994,-0.171798255,0,99.97679199,97.84593423,NA,4213.22
47,0,3.96E-05,0,40.92844152,1.131717167,-0.206698832,0,99.99444644,99.99444644,NA,3044.94
48,0,3.05E-05,3.39E-21,39.27575874,0.254299601,-0.208202578,0,100.0158699,96.10130007,3.05E-05,16657.86
49,0.0277642,2.91E-05,0,39.71572804,0.511171253,-0.278271088,45.12376533,99.9788826,96.09883571,2.91E-05,12208.89
50,0,3.78E-05,0,40.3373282,0.729679705,-0.219410345,0,99.11925188,94.96845968,NA,2117.74
51,0,3.38E-05,0,38.34978032,1.249810702,-0.159725022,0,99.34286328,99.23874485,NA,4832.09
52,0.034705387,3.09E-05,3.17E-07,37.64298439,0.691017528,-0.192878764,0,100.0209265,89.5398995,NA,5478.41
53,0,3.10E-05,0,39.3256402,0.949462704,-0.150927928,0,99.986357,99.986357,NA,5547.1
54,0,3.26E-05,1.36E-20,40.44809771,0.594540514,-0.234360599,0,100.0086023,84.32846397,NA,4218.58
55,0.846745423,2.75E-05,1.36E-20,39.46807408,0.475132922,-0.242501088,0.083286435,98.91652275,80.82948526,2.75E-05,20211.08
56,0,3.17E-05,0,41.31623077,0.387116916,-0.168264322,0,100.0075991,98.73052236,3.17E-05,18052.11
57,0,3.17E-05,0,40.97848916,0.52356345,-0.186071615,0,99.99377704,95.27414294,3.17E-05,18529.35
58,9.800608226,3.02E-05,0,35.56199789,0.183172126,-0.049019532,17.91456787,50.53004808,28.40232922,NA,4103.66
59,23.21767366,2.91E-05,0,35.30712867,0.241557172,-0.040588448,24.5503473,74.21326359,36.46805901,2.91E-05,9620.05
60,0,3.96E-05,0,37.6662569,0.25436636,-0.222109845,8.36411689,99.99457919,29.19458559,NA,0
61,12.64653424,3.15E-05,6.78E-21,35.52622223,0.216972608,-0.100797367,29.87414016,71.9367074,25.45965291,3.15E-05,18024.86
62,7.68298713,2.75E-05,0,36.91742063,0.599690104,-0.140270711,10.25786357,80.12654599,25.81816813,2.75E-05,26370.31
63,32.72595156,2.10E-05,0,35.36364698,0.405985819,0.016352418,9.356221146,65.8961154,25.60467345,2.10E-05,20049.27
64,14.39426772,2.50E-05,2.52E-08,35.23214936,0.473535034,-0.074346671,0,69.86841521,27.6364388,2.50E-05,24250.84
65,23.35613004,2.97E-05,2.41E-07,34.94338131,0.143664784,-0.062910545,27.03480728,69.15913216,29.13095922,2.97E-05,11793.29
66,13.96514573,2.10E-05,0,36.197155,0.535095425,-0.125815728,14.71476588,75.37152955,41.4928634,2.10E-05,15866.81
67,0.402580895,3.96E-05,0,34.60723877,0.168342889,-0.092572725,0,94.01652109,27.83361016,NA,2420.99
68,15.40844136,2.10E-05,0,36.45909357,0.362228746,-0.077279096,0.298451792,74.95998497,29.30380153,2.10E-05,18965.72
69,28.66590066,2.91E-05,0,33.6434679,0.271584834,0.023154351,20.13553942,49.90504256,24.63324006,2.91E-05,12061.53
70,1.41596019,3.78E-05,0,36.05547142,0.201004939,-0.048612789,12.0426026,38.51550538,22.08620258,NA,2975.58
71,4.886295522,2.10E-05,0,33.30550265,0.144717786,-0.077457383,3.4426173,56.82400773,22.41865701,2.10E-05,18157.45
72,1.908503069,2.25E-05,3.39E-21,30.47848547,0.436435011,0.101736492,0,22.24273577,22.24273577,2.25E-05,38527.07
73,6.593821811,2.21E-05,6.78E-21,36.62213469,0.853517719,-0.063675312,24.47349022,54.60378546,22.59945665,NA,5644.16
74,11.11896279,2.24E-05,0,34.56202483,0.400835621,-0.057257432,12.50709797,47.38399436,24.52140795,2.24E-05,23095.61
75,37.75096097,2.10E-05,0,33.12112594,0.134531641,0.085357152,9.127139857,33.62119047,19.68408261,2.10E-05,20009.41
76,14.11806734,2.91E-05,0,34.99981952,0.529294705,-0.058744052,7.378321329,68.09156372,20.10124042,2.91E-05,11334.39
77,7.274157962,3.02E-05,0,35.18818784,0.166569439,-0.055086841,14.97171634,54.45901085,24.55028312,NA,4422
78,25.92398375,3.11E-05,0,34.38745403,0.226547635,0.032797614,14.38139072,43.55368086,21.51655947,3.11E-05,12345.58
79,22.39794576,2.10E-05,0,34.6338253,0.086064907,0.016836822,20.37123359,47.18352503,22.1966627,2.10E-05,16857.23
80,20.04575194,2.91E-05,0,34.15154719,0.392467524,0.007755647,18.61589568,99.98582298,22.31547524,2.91E-05,7386.66
81,66.45358716,2.70E-05,6.78E-21,29.96750498,0.400546573,0.276036327,0.909182237,47.60367147,7.669056273,2.70E-05,28968.58
82,15.73482198,2.10E-05,0,33.83370614,0.189961198,0.138133997,8.197099583,45.06669567,8.634370771,2.10E-05,19874.83
83,72.1188177,3.78E-05,0,29.64430332,0.926216842,0.247397454,5.018470183,11.80694022,6.60105829,NA,2309.01
84,40.68776763,2.91E-05,3.39E-21,32.34326899,0.851906018,0.032212166,1.339600674,32.92086009,16.23484962,2.91E-05,15567.59
85,10.31458052,3.26E-05,2.03E-20,34.93811488,0.146436806,-0.092276112,16.15210557,76.38758993,9.738463305,NA,4469.64
86,99.36009249,2.28E-05,0,24.96074796,0.128375341,0.423691457,0,0,0,2.28E-05,38424.75
87,0.367869619,2.11E-05,5.40E-08,35.34590244,0.093168688,-0.196013935,0.673270811,99.99806782,0,2.11E-05,16951.76
88,8.766447823,3.02E-05,0,35.71749926,1.095359557,-0.009200569,0,50.55110015,2.575100667,NA,2997.68
89,1.429838418,2.82E-05,0,31.90452886,0.787311956,0.162792872,11.82740128,18.1228549,0,2.82E-05,19239.72
90,40.9555888,2.75E-05,0,35.48215318,0.580413336,-0.140693834,0,97.90197179,0.229034813,2.75E-05,23129.81
91,23.13172659,2.65E-05,0,32.30872226,0.302215838,0.085087483,18.4540237,43.24446096,0.714841836,2.65E-05,32932.11
92,19.98259931,2.10E-05,0,33.44546032,0.462170012,0.030389489,18.9831223,42.03356076,17.42143948,2.10E-05,18777.9
93,4.26133505,2.65E-05,0,35.55856061,0.205709934,-0.182338732,6.676554264,95.42197982,18.8151129,2.65E-05,29467.52
94,9.286703533,3.17E-05,6.78E-21,34.38240743,0.315497167,-0.070509838,35.71008197,72.90548125,15.45701702,3.17E-05,11359.74
95,12.86019299,2.65E-05,0,33.85632086,0.153105636,0.064113853,14.13719002,29.69018111,15.0879976,2.65E-05,31191.5
96,37.75096097,2.10E-05,0,33.12112594,0.134531641,0.085357152,9.127139857,33.62119047,19.68408261,2.10E-05,20009.41
97,29.84292725,2.92E-05,6.78E-21,32.19509184,1.028660294,0.065955277,14.02617581,37.74783287,15.21295268,2.92E-05,29434.87
98,40.21150518,2.65E-05,0,31.54047716,0.336917658,0.106798115,16.03185657,35.15904129,18.3221218,2.65E-05,33218.14
99,30.82524379,3.03E-05,6.78E-21,33.19087434,0.219480143,0.028033718,23.57877802,64.14232783,24.43946935,3.03E-05,15261.85
100,36.52829774,3.17E-05,0,32.77366769,0.868571389,0.156593299,8.85618619,69.46831315,15.34563297,3.17E-05,17606.64
101,9.376345304,2.74E-05,3.39E-21,34.36143231,0.092568783,0.00727704,19.94642221,39.19881441,17.28828731,2.74E-05,26808.04
102,0.25681597,3.02E-05,0,35.63338304,0.386982464,-0.19562744,0,98.58956865,11.67471518,NA,5921.41
103,13.29040339,2.65E-05,0,31.82953298,0.414530396,0.14495221,10.30613526,21.52837144,10.88216841,2.65E-05,33495.04
104,44.3039383,2.91E-05,0,31.05024576,0.211123021,0.120961857,10.48080007,28.27039648,14.43018764,2.91E-05,12252.48
105,29.87172651,2.75E-05,0,32.13059163,0.25200443,0.126513749,14.45003127,28.49751604,11.36152795,2.75E-05,25238.17
106,75.62888284,2.91E-05,0,30.57381821,1.428099733,0.27018747,0,33.3097475,10.95980231,2.91E-05,12041.19
107,47.14067508,3.17E-05,0,32.97786164,0.268336583,0.099174222,13.4092733,32.87770581,14.33931607,3.17E-05,15486.05
108,19.98298135,3.02E-05,0,35.20461226,0.217875221,-0.023210492,28.02059594,56.67281789,16.49862684,NA,6572.03
109,23.98834788,3.96E-05,0,33.61051607,0.240994757,-0.014331073,18.61595747,63.2192918,12.59110621,NA,977.03
110,10.31458052,3.26E-05,2.03E-20,34.93811488,0.146436806,-0.092276112,16.15210557,76.38758993,9.738463305,NA,4469.64
111,19.77970773,2.67E-05,1.02E-20,33.24876809,0.319166708,0.087989404,14.35937378,26.53950959,11.54163296,2.67E-05,28600.75
112,0.166588338,3.86E-05,1.36E-20,39.08850789,0.171609687,-0.181027845,0,93.99746958,58.63909489,NA,1086.23
113,8.787288092,2.91E-05,0,32.23611569,0.433448051,-0.106530127,0,77.07270693,55.47235895,2.91E-05,12788.77
114,0.402537612,2.66E-05,1.02E-20,33.25950575,0.358843555,-0.227078807,0,95.49163797,58.38183433,2.66E-05,28621.38
115,0.492772716,2.75E-05,0,37.81225634,0.87926274,-0.173949576,4.35166891,88.85871939,58.95227388,2.75E-05,22541.78
116,0.527518386,3.78E-05,2.71E-20,38.33236504,0.670232875,-0.197267622,0,99.98555727,58.56148189,NA,1535.92
117,4.789395269,3.95E-05,1.52E-07,36.06642556,0.723817486,-0.140112231,11.70972438,89.8740434,55.84851353,NA,3676.26
118,0.263734705,2.75E-05,0,36.67865634,0.495395994,-0.194110413,2.783095173,93.77850869,55.17607638,2.75E-05,24597.44
119,4.386663212,2.82E-05,0,39.83646274,0.706008472,-0.180397181,0.069409228,87.95537378,59.66417243,2.82E-05,20409.89
120,0,3.05E-05,3.39E-21,37.55733752,1.335658094,-0.155406177,0,100.0228108,59.10722759,3.05E-05,17061.86
121,8.731765946,2.91E-05,0,37.30851316,0.286103534,-0.131620925,14.32620422,81.68851623,56.08320258,2.91E-05,11135.09
122,0.249872893,2.93E-05,6.78E-21,39.67063117,0.532256179,-0.198627609,0,99.9699798,51.88332979,NA,4335.88
123,3.636870783,3.17E-05,0,37.08805537,1.05134063,-0.131994235,5.684345747,77.18633584,51.40897308,3.17E-05,18594.86
124,1.089736898,3.91E-05,6.78E-21,37.30870962,0.554326588,-0.146036743,0,100.0128596,50.30142228,NA,1865.14
125,3.095400624,2.74E-05,6.78E-21,37.63362026,0.486624675,-0.148067106,0,69.63957369,51.35866507,2.74E-05,24826.5
126,8.301274535,3.02E-05,0,38.56337953,1.139389616,-0.131331496,12.8683637,89.67597574,49.33566839,NA,8002.48
127,0.319272639,2.10E-05,0,39.04712462,0.27986484,-0.17894353,0.013881419,96.95477166,54.76219833,2.10E-05,17724.48
128,8.946959893,2.91E-05,0,37.25749302,0.489561812,-0.148155046,15.17304447,84.54148293,51.67580792,2.91E-05,11365.98
129,2.228072552,2.92E-05,1.02E-20,36.89206958,0.382774282,-0.168697289,15.0620481,99.44422261,52.50199622,2.92E-05,8165.73
130,0.041643633,2.25E-05,0,39.20735431,0.54912507,-0.201512659,0,100.0280059,52.38769001,2.25E-05,22184.07
131,6.45513377,3.02E-05,3.39E-21,37.81214595,0.829941504,-0.168783034,11.04313745,85.52705195,49.28806979,3.02E-05,16789.8
132,9.634063194,2.91E-05,0,34.14368534,0.639137751,-0.121586321,0.471985805,95.6187713,54.81976305,2.91E-05,14418.09
133,0.069407736,3.17E-05,0,36.5013392,0.202052878,-0.197267531,28.92914438,92.187355,50.34143095,3.17E-05,12103.67
134,2.436051867,2.75E-05,2.52E-08,36.39063191,0.423908699,-0.161785122,1.457466929,86.12241487,48.04088611,2.75E-05,27944.6
135,8.412463804,2.86E-05,3.06E-07,35.08417964,1.450749293,-0.162558259,0.013881953,86.74138627,46.01867576,2.86E-05,16466.32
136,1.978236541,3.96E-05,0,33.78427958,1.047304079,-0.176556036,0,98.60641509,47.88720665,NA,3387.38
137,8.301274535,3.02E-05,0,38.56337953,1.139389616,-0.131331496,12.8683637,89.67597574,49.33566839,NA,8002.48
138,9.627041389,2.91E-05,0,32.12559271,0.790931272,-0.113126156,6.899263981,95.93030933,45.56707045,2.91E-05,12662.59
139,3.706052224,2.65E-05,0,35.66367745,0.819649428,-0.184438135,0,92.74846802,48.65755083,2.65E-05,32967.59
140,1.159114967,2.10E-05,1.35E-08,35.63241291,0.517418842,-0.143507764,11.38986624,77.34142564,45.42064878,2.10E-05,21027.9
141,0.388645555,2.65E-05,0,34.22314548,0.553798974,-0.103479694,3.588031285,81.78212895,48.78195726,2.65E-05,35632.81
142,0,3.87E-05,4.97E-07,37.1638999,0.406411887,-0.187593912,0,99.97894857,47.76833685,NA,710.29
143,15.49204019,2.17E-05,0,34.90068007,0.551721842,-0.074337733,5.254244815,69.08950183,45.08794494,2.17E-05,14320.61
144,6.45513377,3.02E-05,3.39E-21,37.81214595,0.829941504,-0.168783034,11.04313745,85.52705195,49.28806979,3.02E-05,16789.8
145,0.062467825,3.02E-05,0,38.8451457,0.645166981,-0.176871124,10.09202424,100.0109885,49.1205334,NA,5678.22
146,0,3.02E-05,0,38.98471093,0.412128908,-0.202989928,0.957858558,98.60390348,39.93853728,NA,3404.02
147,1.443555164,2.92E-05,3.39E-21,33.41267991,0.859651632,-0.107602058,0,99.95231474,39.2258355,2.92E-05,31596.84
148,3.609017247,2.75E-05,0,35.34332085,0.218776967,-0.109989909,16.21975636,63.32437186,41.1358562,2.75E-05,24646.79
149,0.680188425,2.65E-05,0,34.01689768,0.714761289,-0.025016216,8.287193664,94.13668984,41.24162877,2.65E-05,35157.22
150,27.79870313,2.91E-05,0,35.31416106,0.280886972,-0.011776498,18.19930078,70.35397127,40.2022693,2.91E-05,10261.93
151,0.242932137,2.21E-05,0,38.41552091,0.349047515,-0.179234343,17.67851868,99.99780866,44.81056797,NA,3803.55
152,0.013881863,2.10E-05,0,37.30792403,0.701553329,-0.11564914,9.967177861,76.66259016,41.47206666,2.10E-05,16522.09
153,11.29973537,3.02E-05,0,36.27892232,0.317242056,-0.103544434,24.09869854,70.36653393,39.80588598,3.02E-05,10185.74
154,2.866632741,3.91E-05,1.36E-20,38.43096089,0.524426627,-0.086044906,9.210706168,99.99897797,43.00643212,NA,1665.73
155,5.691021611,2.65E-05,0,35.75462437,0.479521914,-0.110279325,13.63763106,78.01557797,40.08700101,2.65E-05,29911.87
156,10.59172653,2.82E-05,0,36.97212911,0.166392393,-0.103410828,16.13746015,77.38345942,35.06513921,2.82E-05,22272.74
157,0,3.02E-05,0,38.98471093,0.412128908,-0.202989928,0.957858558,98.60390348,39.93853728,NA,3404.02
158,1.443555164,2.92E-05,3.39E-21,33.41267991,0.859651632,-0.107602058,0,99.95231474,39.2258355,2.92E-05,31596.84
159,0.589954967,2.16E-05,0,37.54495549,0.420208933,-0.177886248,3.456442042,98.00193099,39.92259965,2.16E-05,21525.84
160,0,2.42E-05,0,36.26480675,0.620978083,-0.168188304,0,99.99994627,37.8886526,2.42E-05,21854.53
161,5.260807463,2.75E-05,0,38.03354239,0.445144715,-0.165012267,18.57939522,77.90575696,36.76318883,2.75E-05,25086.16
162,20.86485129,2.91E-05,0,35.66002131,0.131427541,-0.071265993,18.5187702,67.32836243,35.21898051,2.91E-05,9290.94
163,18.62267749,2.91E-05,0,35.6423521,0.672545763,-0.079906822,2.248880919,91.10744117,38.84178278,2.91E-05,15688.4
164,8.280368551,3.16E-05,6.78E-21,36.77537417,0.218434368,-0.117971323,15.40162432,68.41541728,36.15460166,3.16E-05,11822.4
165,8.939862559,2.21E-05,0,37.3167181,0.716770688,-0.108095157,30.06098194,97.63051766,35.27358814,NA,4652.56
166,13.81895289,2.10E-05,2.92E-08,35.08487415,0.5060198,-0.061556116,12.23647109,56.41408794,29.72011867,2.10E-05,22850.57
167,23.21767366,2.91E-05,0,35.30712867,0.241557172,-0.040588448,24.5503473,74.21326359,36.46805901,2.91E-05,9620.05
168,5.580455422,3.02E-05,0,37.29666543,0.171059434,-0.059258639,15.08249954,98.74074481,31.42129564,3.02E-05,11293.69
169,1.721409301,3.96E-05,0,35.19506788,1.025955816,-0.200874681,0,99.98750395,34.75442085,NA,438.18
170,0.818952334,2.65E-05,0,35.90065479,0.789841385,-0.246938542,0.194327673,98.03137055,33.44518051,2.65E-05,31092.46
171,16.44259128,3.17E-05,0,34.86859107,0.181536535,-0.026949857,16.11637693,62.05013339,31.44151054,3.17E-05,12736.12
172,6.503594606,2.21E-05,0,36.14213538,0.590424964,-0.095675759,21.28764638,70.03337201,34.35730342,NA,5124.14
173,3.768870686,2.82E-05,0,37.08616376,0.122378651,-0.166773234,19.35103402,94.67986193,29.27642091,2.82E-05,22728.28
174,5.434612293,2.23E-05,6.78E-21,38.00585508,0.671795555,-0.10333366,8.495485883,96.33769939,32.18428761,2.23E-05,16111.17
175,10.68134492,2.75E-05,0,35.74543858,0.667806057,-0.067817475,10.48007202,64.99032739,31.21118136,2.75E-05,23949.09
176,23.35613004,2.97E-05,2.41E-07,34.94338131,0.143664784,-0.062910545,27.03480728,69.15913216,29.13095922,2.97E-05,11793.29
177,2.05430383,2.65E-05,0,34.88989234,0.560113592,-0.022214499,8.952878178,44.33409752,29.71106316,2.65E-05,31461.34
178,15.40844136,2.10E-05,0,36.45909357,0.362228746,-0.077279096,0.298451792,74.95998497,29.30380153,2.10E-05,18965.72
179,0,3.96E-05,0,39.45924067,0.951191663,-0.215980976,0,100.0087387,94.63625369,NA,397.03
180,0,2.78E-05,6.78E-21,39.17240024,0.326150073,-0.218377881,0,90.93543669,90.93543669,2.78E-05,21247.86
181,1.068895259,2.24E-05,1.36E-06,42.3040626,1.655989942,-0.186069266,0,99.96947027,89.27357679,2.24E-05,19923.53
182,0.353947721,2.65E-05,0,35.46277285,1.18010006,-0.229676264,0,98.98043912,94.21949527,2.65E-05,34498.16
183,0,3.17E-05,0,40.35418916,1.723683567,-0.220823279,0,99.98701502,93.01860164,3.17E-05,16392.26
184,0.124939228,3.02E-05,0,31.84907007,0.284159818,0.07483368,0,99.97914689,91.21951877,NA,5762.29
185,0,3.95E-05,2.03E-20,39.34067416,0.653375433,-0.201385914,0,99.95266044,89.94351208,NA,205.75
186,0,3.02E-05,6.78E-21,43.60169148,1.060575888,-0.234352247,0,100.0378047,93.79802215,3.02E-05,11013.64
187,0.090228624,2.10E-05,1.36E-20,41.68961835,1.164625521,-0.198021155,0,100.0149594,95.05932573,2.10E-05,19453
188,0,3.10E-05,0,39.3256402,0.949462704,-0.150927928,0,99.986357,99.986357,NA,5547.1
189,0,2.75E-05,1.69E-20,41.59612823,0.731336849,-0.225309061,0,99.67700974,98.51789403,2.75E-05,22549.84
190,0.583030448,2.10E-05,0,42.1798594,1.272151387,-0.204915493,0,99.99666261,93.24322659,2.10E-05,20612.96
191,0.3886947,3.01E-05,6.78E-21,39.31349349,0.496583218,-0.164534322,4.129881184,99.82512804,64.96754266,3.01E-05,8644.58
192,0,3.96E-05,0,38.89290357,0.864012511,-0.212829925,0,99.98111024,65.63603016,NA,488.69
193,0.270691012,3.17E-05,0,39.53516078,1.566566954,-0.230316819,0,99.87110167,66.6455152,3.17E-05,12500.44
194,2.901345409,3.95E-05,6.78E-21,36.63166857,0.341720762,-0.151108056,0,98.59715677,65.53708935,NA,1176.21
195,3.775830487,2.21E-05,0,38.56632185,1.803140146,-0.113642875,0,84.89371817,66.86135125,NA,5273.23
196,1.055023655,2.11E-05,6.78E-21,39.03560376,0.499642152,-0.161971041,0,96.25008567,66.74412806,2.11E-05,17006.59
197,0,2.23E-05,6.78E-21,39.66506076,0.326324274,-0.180862032,0,99.11902061,65.65134206,2.23E-05,20925.61
198,0.333145744,2.92E-05,6.78E-21,39.85454822,0.422104764,-0.193785289,0,96.27217951,69.19714726,2.92E-05,19323.37
199,6.912325047,2.08E-05,2.37E-06,33.6702888,0.549397301,-0.181703012,0,100.0135705,68.88728757,2.08E-05,37031.86
200,0.416469714,3.93E-05,2.03E-20,37.44481301,0.446776754,-0.162273101,0,100.0013195,65.29551001,NA,4423.72
201,2.2904567,3.17E-05,0,39.42828131,0.934884462,-0.17204259,5.066767851,99.93331988,68.91498355,3.17E-05,12686.12
202,3.033191076,3.02E-05,0,39.68689156,0.668513454,-0.166699541,14.84667211,94.34126569,62.80857219,NA,3888.8
203,8.536864534,2.92E-05,6.78E-21,38.93695855,0.436319335,-0.149364899,0,81.59299143,61.20168412,2.92E-05,19713.11
204,0.020822256,3.17E-05,0,38.65562153,0.366109799,-0.18422873,11.07049948,100.009296,61.45341845,3.17E-05,12320.52
205,0,2.44E-05,3.39E-21,40.97002864,0.700684154,-0.21358695,0,99.96246421,64.66118015,NA,5255.7
206,3.387230065,2.91E-05,0,38.46388674,0.418619319,-0.201919566,14.03479343,95.83501129,61.94882855,2.91E-05,13411.58
207,0.09022165,2.65E-05,0,36.1603303,0.523003674,-0.128886859,0,99.99334826,63.14127446,2.65E-05,35604.6
208,4.386663212,2.82E-05,0,39.83646274,0.706008472,-0.180397181,0.069409228,87.95537378,59.66417243,2.82E-05,20409.89
209,4.705505775,2.49E-05,0,38.82730985,0.902607794,-0.159870339,0,88.27334506,61.34508192,2.49E-05,26975.02
210,0.013882035,3.95E-05,1.36E-20,38.40594697,0.505896545,-0.175589229,4.726832993,99.06914436,62.73985818,NA,1160.33
211,0.749619659,3.02E-05,0,40.2317028,0.540038055,-0.211545991,7.884888266,99.96316973,78.84888266,3.02E-05,10558.77
212,2.380685334,3.17E-05,6.78E-21,38.32053399,0.7068931,-0.190072481,2.27657373,100.0026656,79.44409425,3.17E-05,11829.98
213,0.478916652,2.10E-05,0,37.6957233,0.636686098,-0.210600626,0,100.0033496,75.30096754,2.10E-05,14721.95
214,0,3.10E-05,0,40.14209294,0.875803965,-0.195200995,0,100.0142554,75.12348434,NA,5624.3
215,0.256818165,3.43E-05,2.03E-20,40.64170647,0.390231237,-0.225270294,0,100.0063818,76.33052333,NA,2434.07
216,0.055527167,2.21E-05,4.69E-09,37.8415091,0.50937526,-0.1777124,0.215167773,99.96278262,78.39047819,NA,4422.25
217,0,3.17E-05,0,39.3082242,0.867287092,-0.204376994,0,100.0003012,75.62488074,3.17E-05,18617.67
218,0.256807668,3.17E-05,1.36E-20,36.62752557,0.099138475,-0.175267535,0.055525982,100.0022939,77.80578252,3.17E-05,15828.58
219,0,2.11E-05,6.78E-21,37.16498995,1.167654154,-0.182081419,0,99.98386321,79.54287208,2.11E-05,18153.07
220,0.458064275,2.75E-05,0,38.05200934,0.394731351,-0.217445444,0,97.50522729,78.30122957,2.75E-05,26133.77
221,3.678698506,2.46E-05,3.39E-21,38.82342315,1.075829984,-0.104385852,4.726780533,92.90448963,74.69146155,NA,3215.15
222,1.131280568,2.75E-05,0,37.88772273,0.712509351,-0.204780944,1.839198469,78.87038267,74.84496715,2.75E-05,24973.99
223,0.701026034,3.02E-05,0,34.52543569,0.123957851,-0.193431654,0,99.04595543,73.06634708,3.02E-05,11256.88
224,2.415200096,2.65E-05,0,35.89658499,0.682438978,-0.150317734,0,79.47951581,71.14429939,2.65E-05,31160.63
225,3.137267065,2.12E-05,1.02E-20,35.22078943,0.4703552,-0.098655346,5.316695956,87.87124126,70.25534787,2.12E-05,14262.67
226,0.395633623,2.91E-05,0,36.68994927,0.411783,-0.202686134,12.77133098,95.14641577,74.08760154,2.91E-05,10677.2
227,0.333145744,2.92E-05,6.78E-21,39.85454822,0.422104764,-0.193785289,0,96.27217951,69.19714726,2.92E-05,19323.37
228,0.652435978,2.10E-05,6.78E-21,40.5202899,0.718820371,-0.164901082,8.891175408,91.18139839,71.30292347,2.10E-05,21919.43
229,0.027762161,2.25E-05,0,41.26122141,0.770565137,-0.297320545,0,100.0201248,71.88317486,2.25E-05,24471.28
230,0.097161437,2.65E-05,6.78E-21,34.4697876,0.304590706,-0.189818289,0.069401026,93.62198449,70.58084375,2.65E-05,35679.54
231,4.074340128,3.02E-05,0,37.02402043,0.41682271,-0.209317436,6.267681662,96.36820842,73.9766901,NA,6248.24
232,0,2.66E-05,1.02E-20,37.6645081,0.422442447,-0.232620473,0,99.99605753,86.62901097,2.66E-05,28269.3
233,0.013881634,2.10E-05,0,39.40699029,0.616564348,-0.205674304,2.408463467,99.61460427,86.71162563,2.10E-05,20493.11
234,1.068895259,2.24E-05,1.36E-06,42.3040626,1.655989942,-0.186069266,0,99.96947027,89.27357679,2.24E-05,19923.53
235,0,2.21E-05,0,37.87245941,0.885323197,-0.198779774,0,100.0041737,86.04606753,NA,4887.69
236,1.853201596,3.02E-05,6.78E-21,37.75997543,0.595865624,-0.194849965,0.04164498,99.42044819,87.94725628,3.02E-05,11366.03
237,0,2.75E-05,0,38.22422934,0.818485811,-0.282129992,0,99.99670795,81.30631827,2.75E-05,26394.12
238,2.380685334,3.17E-05,6.78E-21,38.32053399,0.7068931,-0.190072481,2.27657373,100.0026656,79.44409425,3.17E-05,11829.98
239,0.402571702,2.37E-05,0,40.09950542,0.347867974,-0.208460893,0,100.0182452,84.54699828,2.37E-05,19473.35
240,0,2.91E-05,0,34.88720036,0.617042248,-0.215897415,1.901842626,90.23340928,84.37517871,2.91E-05,11945.89
241,0.152689963,2.75E-05,0,39.30831146,0.809250356,-0.232955722,0,96.47923515,84.73598892,2.75E-05,22880.68
242,0.027763442,3.02E-05,0,37.67332172,1.483057493,-0.189156659,0,99.04608054,81.82580543,NA,6419.43
243,0.728774955,2.10E-05,0,38.88229752,0.809894577,-0.201742178,0,82.72636843,82.72636843,2.10E-05,21949.14
244,1.36044939,3.96E-05,0,36.86045027,0.62119196,-0.122163417,0,99.99997127,80.02357665,NA,277.7
245,0.423340677,2.25E-05,3.39E-21,31.85077322,0.874809761,-0.174235621,0,93.99551037,80.25428839,2.25E-05,38800.03
246,0,2.11E-05,6.78E-21,37.16498995,1.167654154,-0.182081419,0,99.98386321,79.54287208,2.11E-05,18153.07
247,2.137833465,2.91E-05,0,35.51440334,0.523604673,-0.232538012,7.503240182,97.79894003,86.14497123,2.91E-05,12606.46
248,0,3.17E-05,0,39.20537972,0.742371977,-0.180887093,0,99.59786556,82.46842081,3.17E-05,18547.91
249,2.137751625,2.23E-05,6.78E-21,38.73253083,1.207911658,-0.184467617,3.650835567,97.69802556,82.31731906,2.23E-05,16585.34
